name;year
Gefei Tan;2023
Xiao Wang;2023
Jennie Rogers;2023
Soamar Homsi;2023
Dimitrios Karapiperis;2023
Christos Tjortjis;2023
Vassilios S. Verykios;2023
Ahsan Ali;2022
Riccardo Pinciroli;2022
Feng Yan 0001;2022
Evgenia Smirni;2022
Anja Feldmann;2021
Jieming Shi;2020
Tianyuan Jin;2020
Renchi Yang;2020
Xiaokui Xiao;2020
Yin Yang 0001;2020
Magdalena Balazinska;2022
Surajit Chaudhuri;2022
AnHai Doan;2022
Joseph M. Hellerstein;2022
Hanuma Kodavalla;2022
Ippokratis Pandis;2022
Matei Zaharia;2022
Alexander Renz-Wieland;2021
Tobias Drobisch;2021
Zoi Kaoudi;2021
Rainer Gemulla;2021
Volker Markl;2021
Qian Li 0027;2023
Peter Kraft;2023
Michael J. Cafarella;2023
Çagatay Demiralp;2023
Goetz Graefe;2023
Christos Kozyrakis;2023
Michael Stonebraker;2023
Lalith Suresh;2023
Xiangyao Yu;2023
Matei Zaharia;2023
Ziyue Huang;2022
Yuan Qiu 0002;2022
Ke Yi 0001;2022
Graham Cormode;2022
Chrysovalantis Anastasiou;2021
Constantinos Costa;2021
Panos K. Chrysanthis;2021
Cyrus Shahabi;2021
Wissam Maamar Kouadri;2020
Mourad Ouziri;2020
Salima Benbernou;2020
Karima Echihabi;2020
Themis Palpanas;2020
Iheb Ben Amor;2020
Johns Paul;2020
Bingsheng He;2020
Shengliang Lu;2020
Chiew Tong Lau;2020
Saeed Kargar;2021
Faisal Nawab;2021
Karla Saur;2022
Tara Mirmira;2022
Konstantinos Karanasos;2022
Jesús Camacho-Rodríguez;2022
Zixuan Geng;2022
Maximilian Schleich;2022
Dan Suciu;2022
Susie Xi Rao;2021
Shuai Zhang;2021
Zhichao Han;2021
Zitao Zhang;2021
Wei Min;2021
Zhiyao Chen;2021
Yinan Shan;2021
Yang Zhao;2021
Ce Zhang 0001;2021
Mijin An;2023
Jonghyeok Park;2023
Tianzheng Wang 0001;2023
Beomseok Nam;2023
Sang-Won Lee 0001;2023
Jiong Xie;2022
Zhen Chen;2022
Jianwei Liu;2022
Fang Wang;2022
Feifei Li 0001;2022
Zhida Chen;2022
Yinpei Liu;2022
Songlu Cai;2022
Zhenhua Fan;2022
Fei Xiao;2022
Yue Chen;2022
Christian Garcia-Arellano;2020
Adam J. Storm;2020
David Kalmuk;2020
Hamdi Roumani;2020
Ronald Barber;2020
Yuanyuan Tian;2020
Richard Sidle;2020
Fatma Özcan;2020
Matt Spilchen;2020
Josh Tiefenbach;2020
Daniel C. Zilio;2020
Lan Pham;2020
Kostas Rakopoulos;2020
Alexander Cheung;2020
Darren Pepper;2020
Imran Sayyid;2020
Gidon Gershinsky;2020
Gal Lushi;2020
Hamid Pirahesh;2020
Yuliang Li 0001;2020
Jinfeng Li;2020
Yoshihiko Suhara;2020
AnHai Doan;2020
Wang-Chiew Tan;2020
Yuyang Dong;2023
Chuan Xiao 0001;2023
Takuma Nozawa;2023
Masafumi Enomoto;2023
Masafumi Oyamada;2023
Jinfei Liu;2021
Jian Lou 0001;2021
Junxu Liu;2021
Li Xiong 0001;2021
Jian Pei;2021
Jimeng Sun 0001;2021
Prithu Banerjee;2020
Laks V. S. Lakshmanan;2020
Wei Chen 0013;2020
Mijin An;2022
Soojun Im;2022
Dawoon Jung;2022
Sang Won Lee 0001;2022
Kazuo Goda;2020
Yuto Hayamizu;2020
Hiroyuki Yamada;2020
Masaru Kitsuregawa;2020
Kajetan Jeremi Maliszewski;2023
Jorge-Arnulfo Quiané-Ruiz;2023
Volker Markl;2023
Rana Alotaibi;2020
Bogdan Cautis;2020
Alin Deutsch;2020
Moustafa Latrache;2020
Ioana Manolescu;2020
Yifei Yang;2020
Arul Ajmani;2022
Aayush Shah;2022
Alexander Shraer;2022
Adam Storm;2022
Rebecca Taft;2022
Oliver Tan;2022
Nathan VanBenschoten;2022
Antonis Mandamadiotis;2021
Georgia Koutrika;2021
Stavroula Eleftherakis;2021
Apostolis Glenis;2021
Dimitrios Skoutas 0001;2021
Yannis Stavrakas;2021
Seungwon Min;2020
Vikram Sharma Mailthody;2020
Zaid Qureshi;2020
Jinjun Xiong;2020
Eiman Ebrahimi;2020
Wen-Mei Hwu;2020
Yixiang Fang;2020
Yixing Yang;2020
Wenjie Zhang 0001;2020
Xuemin Lin 0001;2020
Xin Cao 0001;2020
Vitali Hirsch;2020
Peter Reimann 0002;2020
Bernhard Mitschang;2020
Jens Dittrich;2021
Joris Nix;2021
Christian Schön;2021
Christoph Anneser;2023
Nesime Tatbul;2023
David E. Cohen;2023
Zhenggang Xu;2023
Prithviraj Pandian;2023
Nikolay Laptev;2023
Ryan Marcus;2023
Dian Ouyang;2020
Long Yuan;2020
Lu Qin 0001;2020
Lijun Chang;2020
Ying Zhang 0001;2020
Xuemin Lin 0001;2020
Boyang Li 0006;2023
Yurong Cheng;2023
Ye Yuan 0001;2023
Yi Yang 0032;2023
Qianqian Jin;2023
Guoren Wang;2023
Xiaozhen Liu;2022
Zuozhi Wang;2022
Shengquan Ni;2022
Sadeem Alsudais;2022
Yicong Huang 0002;2022
Avinash Kumar;2022
Chen Li 0001;2022
Jessica Shi;2021
Laxman Dhulipala;2021
Julian Shun;2021
Yeonhong Park;2022
Sunhong Min;2022
Jae W. Lee;2022
Peeyush Gupta;2020
Michael J. Carey 0001;2020
Sharad Mehrotra;2020
Roberto Yus;2020
Aamod Khatiwada;2022
Roee Shraga;2022
Wolfgang Gatterbauer;2022
Renée J. Miller;2022
Evgeny Krivosheev;2020
Siarhei Bykau;2020
Fabio Casati;2020
Sunil Prabhakar;2020
Tin Vu;2021
Ahmed Eldawy;2021
Vagelis Hristidis;2021
Vassilis J. Tsotras;2021
Suyong Kwon;2022
Woohwan Jung;2022
Kyuseok Shim;2022
Eliana Pastor;2021
Andrew Gavgavian;2021
Elena Baralis;2021
Luca de Alfaro;2021
Georgia Koutrika;2022
Jun Yang 0001;2022
Kai Huang;2023
Houdong Liang;2023
Chongchong Yao;2023
Xi Zhao 0006;2023
Yue Cui;2023
Yao Tian;2023
Ruiyuan Zhang;2023
Xiaofang Zhou 0001;2023
Filippo Schiavio;2021
Daniele Bonetta;2021
Walter Binder;2021
Minghua Ma;2020
Zheng Yin;2020
Shenglin Zhang;2020
Sheng Wang 0011;2020
Christopher Zheng;2020
Xinhao Jiang;2020
Hanwen Hu;2020
Cheng Luo;2020
Yilin Li;2020
Nengjun Qiu;2020
Feifei Li 0001;2020
Changcheng Chen;2020
Dan Pei;2020
Xiaoye Miao;2021
Yangyang Wu;2021
Lu Chen 0001;2021
Yunjun Gao;2021
Jun Wang;2021
Jianwei Yin;2021
Wenfei Fan;2022
Wenzhi Fu;2022
Ruochun Jin;2022
Ping Lu;2022
Chao Tian 0001;2022
Zsolt István;2021
Soujanya Ponnapalli;2021
Vijay Chidambaram;2021
Manuel Leone;2022
Stefano Huber;2022
Akhil Arora 0001;2022
Alberto García-Durán;2022
Robert West 0001;2022
Alexandros Zeakis;2022
Dimitrios Skoutas 0001;2022
Dimitris Sacharidis;2022
Odysseas Papapetrou;2022
Manolis Koubarakis;2022
Wim Martens;2023
Matthias Niewerth;2023
Tina Popp;2023
Carlos Rojas;2023
Stijn Vansummeren;2023
Domagoj Vrgoc;2023
Naga Nithin Manne;2022
Shilvi Satpati;2022
Tanu Malik;2022
Amitabha Bagchi;2022
Ashish Gehani;2022
Amitabh Chaudhary;2022
Hai Lan;2022
Yuanjia Zhang;2022
Zhifeng Bao;2022
Yu Dong;2022
Dongxu Huang;2022
Liu Tang;2022
Jian Zhang;2022
Zeshun Peng;2022
Yanfeng Zhang;2022
Qian Xu;2022
Haixu Liu;2022
Yuxiao Gao;2022
Xiaohua Li;2022
Ge Yu 0001;2022
Bogyeong Kim;2022
Kyoseung Koo;2022
Undraa Enkhbat;2022
Sohyun Kim;2022
Juhun Kim;2022
Bongki Moon;2022
Liangde Li;2021
Supun Chathuranga Nakandala;2021
Arun Kumar 0001;2021
Frank McSherry;2020
Andrea Lattuada;2020
Malte Schwarzkopf;2020
Timothy Roscoe;2020
Doris Jung Lin Lee;2021
Dixin Tang;2021
Kunal Agarwal;2021
Thyne Boonmark;2021
Caitlyn Chen;2021
Jake Kang;2021
Ujjaini Mukhopadhyay;2021
Jerry Song;2021
Micah Yong;2021
Marti A. Hearst;2021
Aditya G. Parameswaran;2021
Chaohong Ma;2022
Xiaohui Yu 0001;2022
Yifan Li 0006;2022
Xiaofeng Meng 0001;2022
Aishan Maoliniyazi;2022
Jiping Zheng 0001;2022
Yuan Ma;2022
Wei Ma;2022
Yanhao Wang 0001;2022
Xiaoyang Wang 0002;2022
Xuanhe Zhou;2021
Guoliang Li 0001;2021
Chengliang Chai;2021
Jianhua Feng;2021
Mohammad Mahdavi;2020
Ziawasch Abedjan;2020
Fuheng Zhao;2023
Punnal Ismail Khan;2023
Divyakant Agrawal;2023
Amr El Abbadi;2023
Arpit Gupta;2023
Zaoxing Liu;2023
Jan Kossmann;2020
Stefan Halfpap;2020
Marcel Jankrift;2020
Rainer Schlosser;2020
Jonas Spenger;2023
Chengyang Huang;2023
Philipp Haller;2023
Paris Carbone;2023
Yuanyuan Sun;2021
Sheng Wang 0011;2021
Huorong Li;2021
Feifei Li 0001;2021
Nikolaos Tziavelis;2021
Wolfgang Gatterbauer;2021
Mirek Riedewald;2021
Tim Gubner;2021
Peter A. Boncz;2021
Sujaya Maiyya;2021
Faisal Nawab;2021
Divy Agrawal;2021
Amr El Abbadi;2021
Geon Lee;2020
Jihoon Ko;2020
Kijung Shin;2020
Juliana Freire;2021
Xuemin Lin 0001;2021
Daniel ten Wolde;2023
Gábor Szárnyas;2023
Peter A. Boncz;2023
Bingqing Lyu;2020
Lu Qin 0001;2020
Xuemin Lin 0001;2020
Ying Zhang 0001;2020
Zhengping Qian;2020
Jingren Zhou;2020
Arindam Bhattacharya;2022
Chathur Gudesa;2022
Amitabha Bagchi;2022
Srikanta Bedathur;2022
Shiva Jahangiri;2022
Michael J. Carey 0001;2022
Johann-Christoph Freytag;2022
Yushi Sun;2023
Hao Xin;2023
Lei Chen 0002;2023
Michael Abebe 0001;2020
Brad Glasbergen;2020
Khuzaima Daudjee;2020
Jianyu Yang;2020
Tianhao Wang 0001;2020
Ninghui Li;2020
Xiang Cheng 0003;2020
Sen Su;2020
Yuanbing Li;2020
Xian Wu;2020
Yifei Jin;2020
Jian Li 0015;2020
Guoliang Li 0001;2020
Renjie Xiao;2022
Zijing Tan;2022
Haojin Wang;2022
Shuai Ma 0001;2022
Yongjun He;2020
Jiacheng Lu;2020
Tianzheng Wang 0001;2020
Hao Jiang;2020
Chunwei Liu;2020
Qi Jin;2020
John Paparrizos;2020
Aaron J. Elmore;2020
Jan Niklas Adams;2023
Cameron Pitsch;2023
Tobias Brockhoff;2023
Wil M. P. van der Aalst;2023
Colin Adams;2020
Luis Alonso;2020
Benjamin Atkin;2020
John Banning;2020
Sumeer Bhola;2020
Rick Buskens;2020
Ming Chen;2020
Xi Chen;2020
Yoo Chung;2020
Qin Jia;2020
Nick Sakharov;2020
George Talbot;2020
Nick Taylor;2020
Adam Tart;2020
Jiabin Liu;2021
Fu Zhu;2021
Chengliang Chai;2021
Yuyu Luo;2021
Nan Tang 0001;2021
Stefano Cereda;2021
Stefano Valladares;2021
Paolo Cremonesi;2021
Stefano Doni;2021
Hillel Avni;2020
Alisher Aliev;2020
Oren Amor;2020
Aharon Avitzur;2020
Ilan Bronshtein;2020
Eli Ginot;2020
Shay Goikhman;2020
Eliezer Levy;2020
Idan Levy;2020
Fuyang Lu;2020
Liran Mishali;2020
Yeqin Mo;2020
Nir Pachter;2020
Dima Sivov;2020
Vinoth Veeraraghavan;2020
Vladi Vexler;2020
Lei Wang;2020
Peng Wang;2020
Zuozhi Wang;2020
Avinash Kumar;2020
Shengquan Ni;2020
Chen Li 0001;2020
Jovan Blanusa;2020
Radu Stoica;2020
Paolo Ienne;2020
Kubilay Atasu;2020
Nikolaos Koutroumanis;2021
Nikolaos Kousathanas;2021
Christos Doulkeridis;2021
Akrivi Vlachou;2021
Yue Chen;2022
Kaiyu Feng;2022
Gao Cong;2022
Han Mao Kiah;2022
Wenfei Fan;2021
Tao He;2021
Longbin Lai;2021
Xue Li;2021
Yong Li;2021
Zhao Li;2021
Zhengping Qian;2021
Chao Tian 0001;2021
Lei Wang;2021
Jingbo Xu 0001;2021
Youyang Yao;2021
Qiang Yin 0002;2021
Wenyuan Yu;2021
Kai Zeng;2021
Kun Zhao;2021
Jingren Zhou;2021
Diwen Zhu;2021
Rong Zhu;2021
Dan Olteanu;2020
Dimitrios Koutsoukos;2023
Raghav Bhartia;2023
Michal Friedman 0001;2023
Ana Klimovic;2023
Gustavo Alonso;2023
Cheng Xu 0004;2021
Ce Zhang 0007;2021
Jianliang Xu;2021
Jian Pei;2021
Zemin Chao;2022
Hong Gao 0001;2022
Yinan An;2022
Jianzhong Li 0001;2022
Mourad Khayati;2020
Ines Arous;2020
Zakhar Tymchenko;2020
Philippe Cudré-Mauroux;2020
Luigi Bellomarini;2023
Marco Benedetti;2023
Andrea Gentili;2023
Davide Magnanimi;2023
Emanuel Sallinger;2023
Sachin Basil John;2022
Christoph Koch 0001;2022
Olga Poppe;2020
Tayo Amuneke;2020
Dalitso Banda;2020
Aritra De;2020
Ari Green;2020
Manon Knoertzer;2020
Ehi Nosakhare;2020
Karthik Rajendran;2020
Deepak Shankargouda;2020
Meina Wang;2020
Alan Au;2020
Carlo Curino;2020
Qun Guo;2020
Alekh Jindal;2020
Ajay Kalhan;2020
Morgan Oslake;2020
Sonia Parchani;2020
Vijay Ramani;2020
Raj Sellappan;2020
Saikat Sen;2020
Sheetal Shrotri;2020
Soundararajan Srinivasan;2020
Ping Xia;2020
Shize Xu;2020
Alicia Yang;2020
Yiwen Zhu;2020
Kuntai Cai;2021
Xiaoyu Lei;2021
Jianxin Wei 0005;2021
Xiaokui Xiao;2021
Angela Bonifati;2022
Francesco Del Buono;2022
Francesco Guerra 0001;2022
Donato Tiano;2022
Debjyoti Paul;2021
Jie Cao 0010;2021
Feifei Li 0001;2021
Vivek Srikumar;2021
Subhadeep Sarkar;2021
Dimitris Staratzis;2021
Zichen Zhu;2021
Manos Athanassoulis;2021
Tsz Nam Chan;2021
Pak Lon Ip;2021
Leong Hou U;2021
Weng Hou Tong;2021
Shivansh Mittal;2021
Ye Li;2021
Reynold Cheng;2021
Danyang Zhuo;2021
Kaiyuan Zhang 0001;2021
Zhuohan Li;2021
Siyuan Zhuang;2021
Stephanie Wang;2021
Ang Chen 0001;2021
Ion Stoica;2021
Ankur Agiwal;2021
Kevin Lai;2021
Gokul Nath Babu Manoharan;2021
Indrajit Roy 0001;2021
Jagan Sankaranarayanan;2021
Hao Zhang;2021
Tao Zou 0002;2021
Jim Chen;2021
Min Chen;2021
Ming Dai;2021
Thanh Do;2021
Haoyu Gao;2021
Haoyan Geng;2021
Raman Grover;2021
Bo Huang;2021
Yanlai Huang;2021
Adam Li;2021
Jianyi Liang;2021
Tao Lin;2021
Li Liu;2021
Yao Liu;2021
Xi Mao;2021
Maya Meng;2021
Prashant Mishra;2021
Jay Patel;2021
Rajesh Sr;2021
Vijayshankar Raman;2021
Sourashis Roy;2021
Mayank Singh Shishodia;2021
Tianhang Sun;2021
Justin Tang;2021
Jun'ichi Tatemura;2021
Sagar Trehan;2021
Ramkumar Vadali;2021
Prasanna Venkatasubramanian;2021
Joey Zhang;2021
Kefei Zhang;2021
Yupu Zhang;2021
Zeleng Zhuang;2021
Goetz Graefe;2021
Divy Agrawal;2021
Jeffrey F. Naughton;2021
Sujata Kosalge;2021
Hakan Hacigümüs;2021
Dennis M. Hofmann;2022
Peter VanNostrand;2022
Huayi Zhang;2022
Yizhou Yan;2022
Lei Cao 0004;2022
Samuel Madden 0001;2022
Elke A. Rundensteiner;2022
Jiachuan Wang;2022
Peng Cheng 0003;2022
Libin Zheng;2022
Lei Chen 0002;2022
Wenjie Zhang 0001;2022
Lianke Qin;2022
Rajesh Jayaram;2022
Elaine Shi;2022
Zhao Song 0002;2022
Danyang Zhuo;2022
Shumo Chu;2022
Mary Karatzoglidi;2021
Paraskevas Kerasiotis;2021
Verena Kantere;2021
Jiachen Shi;2022
Gao Cong;2022
Xiaoli Li;2022
Hai Lan;2022
Jiong Xie;2022
Zhifeng Bao;2022
Feifei Li 0001;2022
Wei Tian;2022
Fang Wang;2022
Sheng Wang 0011;2022
Ailin Zhang;2022
Caixin Gong;2022
Chengjin Tian;2022
Zhengheng Wang;2022
Sheng Wang 0011;2022
Xiyu Wang;2022
Qiulei Fu;2022
Wu Qin;2022
Qian Long;2022
Rui Chen;2022
Jiang Qi;2022
Ruo Wang;2022
Guoyun Zhu;2022
Chenghu Yang;2022
Wei Zhang;2022
Feifei Li 0001;2022
Yifan Gan;2020
Xueyuan Ren;2020
Drew Ripberger;2020
Spyros Blanas;2020
Yang Wang 0009;2020
Zitao Li;2021
Bolin Ding;2021
Ce Zhang 0001;2021
Ninghui Li;2021
Jingren Zhou;2021
Wenfei Fan;2023
Resul Tugay;2023
Yaoshu Wang;2023
Min Xie;2023
Muhammad Asif Ali;2023
Kejing Lu;2021
Mineichi Kudo;2021
Chuan Xiao 0001;2021
Yoshiharu Ishikawa;2021
Axel Hertzschuch;2022
Claudio Hartmann;2022
Dirk Habich;2022
Wolfgang Lehner;2022
Chenhao Ma 0001;2022
Reynold Cheng;2022
Laks V. S. Lakshmanan;2022
Xiaolin Han;2022
Per Fuchs;2022
Jana Giceva;2022
Domagoj Margan;2022
Kefei Wang;2020
Jian Liu;2020
Feng Chen 0005;2020
Jiaqi Wang;2023
Tianyi Li 0005;2023
Anni Wang;2023
Xiaoze Liu;2023
Lu Chen 0001;2023
Jie Chen;2023
Jianye Liu;2023
Junyang Wu;2023
Feifei Li;2023
Yunjun Gao;2023
Christos Koutras;2021
Kyriakos Psarakis;2021
George Siachamis;2021
Andra Ionescu;2021
Marios Fragkoulis;2021
Angela Bonifati;2021
Asterios Katsifodimos;2021
Tim Kraska;2021
Rahul Potharaju;2020
Terry Kim;2020
Wentao Wu 0001;2020
Vidip Acharya;2020
Steve Suh;2020
Andrew Fogarty;2020
Apoorve Dave;2020
Sinduja Ramanujam;2020
Tomas Talius;2020
Lev Novik;2020
Raghu Ramakrishnan;2020
Zoi Kaoudi;2022
Jorge-Arnulfo Quiané-Ruiz;2022
Audrey Cheng;2021
Xiao Shi;2021
Lu Pan;2021
Anthony Simpson;2021
Neil Wheaton;2021
Shilpa Lawande;2021
Nathan Bronson;2021
Peter Bailis;2021
Natacha Crooks;2021
Ion Stoica;2021
Yancan Mao;2023
Zhanghao Chen;2023
Yifan Zhang;2023
Meng Wang;2023
Yong Fang;2023
Guanghui Zhang;2023
Rui Shi;2023
Richard T. B. Ma;2023
Congying Wang;2023
Nithin Sastry Tellapuri;2023
Sphoorthi Keshannagari;2023
Dylan Zinsley;2023
Zhuoyue Zhao;2023
Dong Xie;2023
Lu Xing;2021
Eric Lee;2021
Tong An;2021
Bo-Cheng Chu;2021
Ahmed Mahmood;2021
Ahmed M. Aly;2021
Jianguo Wang 0001;2021
Walid G. Aref;2021
Yuepeng Wang 0001;2020
Rushi Shah;2020
Abby Criswell;2020
Rong Pan;2020
Isil Dillig;2020
Chenguang Fang;2022
Shaoxu Song;2022
Yinan Mei;2022
Wenfei Fan;2022
Ruochun Jin;2022
Ping Lu;2022
Chao Tian 0001;2022
Ruiqi Xu;2022
Demian E. Vöhringer;2023
Viktor Leis;2023
Zhiguo Jiang;2023
Hanhua Chen;2023
Hai Jin 0001;2023
Baotong Lu;2020
Xiangpeng Hao;2020
Tianzheng Wang 0001;2020
Eric Lo 0001;2020
Yifan Li 0006;2021
Xiaohui Yu 0001;2021
Nick Koudas;2021
Stefan Neumann 0003;2020
Pauli Miettinen;2020
Yufei Tao 0001;2020
Yuval Moskovitch;2020
H. V. Jagadish;2020
Daniel Kang;2021
John Guibas;2021
Peter Bailis;2021
Tatsunori Hashimoto;2021
Yi Sun 0010;2021
Matei Zaharia;2021
Michael J. Freitag;2020
Maximilian Bandle;2020
Tobias Schmidt;2020
Alfons Kemper;2020
Thomas Neumann 0001;2020
Ye Yuan 0001;2021
Delong Ma;2021
Zhenyu Wen;2021
Zhiwei Zhang;2021
Guoren Wang;2021
Lixi Zhou;2022
Jiaqing Chen;2022
Amitabh Das;2022
Hong Min;2022
Lei Yu 0002;2022
Ming Zhao;2022
Jia Zou 0001;2022
Xuanhe Zhou;2023
Cheng Chen 0008;2023
Kunyi Li;2023
Bingsheng He;2023
Mian Lu;2023
Qiaosheng Liu;2023
Wei Huang;2023
Guoliang Li 0001;2023
Zhao Zheng;2023
Yuqiang Chen;2023
Huayi Zhang;2021
Lei Cao 0004;2021
Samuel Madden 0001;2021
Elke A. Rundensteiner;2021
Haoyue Ping;2020
Julia Stoyanovich;2020
Benny Kimelfeld;2020
Dong June Lew;2023
Kihyun Yoo;2023
Kwang Woo Nam;2023
Kelin Luo;2023
Alexandre M. Florio;2023
Syamantak Das;2023
Xiangyu Guo;2023
Huan Li 0003;2022
Lanjing Yi;2022
Bo Tang 0016;2022
Hua Lu 0001;2022
Christian S. Jensen;2022
Xiang Yu;2022
Chengliang Chai;2022
Guoliang Li 0001;2022
Jiabin Liu;2022
Ramon Antonio Rodriges Zalipynis;2023
Shadaj Laddad;2022
Conor Power;2022
Mae Milano;2022
Alvin Cheung;2022
Natacha Crooks;2022
Joseph M. Hellerstein;2022
James Gale;2022
Max Seiden;2022
Deepanshu Utkarsh;2022
Jason Frantz;2022
Rob Woollen;2022
Çagatay Demiralp;2022
Weiyuan Wu;2023
Pei Wang;2023
Yi Xie;2023
Yejia Liu;2023
George Chow;2023
Jiannan Wang;2023
Haibo Wang 0004;2021
Chaoyi Ma;2021
Olufemi O. Odegbile;2021
Shigang Chen;2021
Jih-Kwon Peir;2021
Kapil Khurana;2020
Jayant R. Haritsa;2020
Yannis E. Foufoulas;2022
Alkis Simitsis;2022
Yannis E. Ioannidis;2022
Yiming Li;2023
Yanyan Shen;2023
Lei Chen 0002;2023
Mingxuan Yuan;2023
Philipp Skavantzos;2023
Sebastian Link;2023
Joaquin Vanschoren;2021
Bowen Zhang;2022
Shengan Zheng;2022
Zhenlin Qi;2022
Linpeng Huang;2022
Nigam Shah;2021
Jaydeep Sen;2020
Chuan Lei;2020
Abdul Quamar;2020
Fatma Özcan;2020
Vasilis Efthymiou;2020
Ayushi Dalmia;2020
Greg Stager;2020
Ashish R. Mittal;2020
Diptikalyan Saha;2020
Karthik Sankaranarayanan;2020
Shangdi Yu;2021
Yiqiu Wang;2021
Yan Gu 0001;2021
Laxman Dhulipala;2021
Julian Shun;2021
You Peng;2020
Ying Zhang 0001;2020
Xuemin Lin 0001;2020
Lu Qin 0001;2020
Wenjie Zhang 0001;2020
Tommaso Teofili;2022
Donatella Firmani;2022
Nick Koudas;2022
Paolo Merialdo;2022
Divesh Srivastava;2022
Emmanouil Sylligardos;2023
Paul Boniol;2023
John Paparrizos;2023
Panos E. Trahanias;2023
Themis Palpanas;2023
Liang Lin;2023
Yuhan Li;2023
Bin Wu 0003;2023
Huijun Mai;2023
Renjie Lou;2023
Jian Tan;2023
Feifei Li 0001;2023
Mossad Helali;2022
Essam Mansour 0001;2022
Ibrahim Abdelaziz;2022
Julian Dolby;2022
Kavitha Srinivas;2022
Michael Armbrust;2020
Tathagata Das;2020
Sameer Paranjpye;2020
Reynold Xin;2020
Shixiong Zhu;2020
Ali Ghodsi 0002;2020
Burak Yavuz;2020
Mukul Murthy;2020
Joseph Torres;2020
Liwen Sun;2020
Peter A. Boncz;2020
Mostafa Mokhtar;2020
Herman Van Hovell;2020
Adrian Ionescu;2020
Alicja Luszczak;2020
Michal Switakowski;2020
Takuya Ueshin;2020
Xiao Li;2020
Michal Szafranski;2020
Pieter Senster;2020
Matei Zaharia;2020
Shixuan Sun;2020
Xibo Sun;2020
Yulin Che;2020
Qiong Luo 0001;2020
Bingsheng He;2020
Zongheng Yang;2020
Amog Kamsetty;2020
Sifei Luan 0001;2020
Eric Liang;2020
Yan Duan;2020
Xi Chen 0022;2020
Ion Stoica;2020
Ramon Antonio Rodriges Zalipynis;2022
Nikita A. Terlych;2022
Yuhao Zhang;2023
Arun Kumar 0001;2023
Sergey Melnik 0001;2020
Andrey Gubarev;2020
Jing Jing Long;2020
Geoffrey Romer;2020
Shiva Shivakumar;2020
Matt Tolton;2020
Theo Vassilakis;2020
Hossein Ahmadi;2020
Dan Delorey;2020
Slava Min;2020
Mosha Pasumansky;2020
Jeff Shute;2020
Satoshi Koide;2020
Chuan Xiao 0001;2020
Yoshiharu Ishikawa;2020
Elias Stehle;2020
Hans-Arno Jacobsen;2020
Arkaprava Saha;2021
Ruben Brokkelkamp;2021
Yllka Velaj;2021
Arijit Khan 0001;2021
Francesco Bonchi;2021
Eamonn J. Keogh;2023
Prashanth Menon;2020
Amadou Ngom;2020
Todd C. Mowry;2020
Andrew Pavlo;2020
Lin Ma 0006;2020
Benjamin Hilprecht;2022
Carsten Binnig;2022
Minhui Xie;2023
Youyou Lu;2023
Qing Wang 0031;2023
Yangyang Feng;2023
Jiaqiang Liu;2023
Kai Ren;2023
Jiwu Shu;2023
Yeye He;2020
Zhongjun Jin;2020
Surajit Chaudhuri;2020
Ryan McKenna;2022
Brett Mullins;2022
Daniel Sheldon;2022
Gerome Miklau;2022
Min Shen;2020
Ye Zhou;2020
Chandni Singh;2020
Pengfei Li 0005;2023
Hua Lu 0001;2023
Rong Zhu;2023
Bolin Ding;2023
Long Yang;2023
Gang Pan 0001;2023
Theofilos Mailis;2021
Yannis Kotidis;2021
Stamatis Christoforidis;2021
Evgeny Kharlamov;2021
Yannis E. Ioannidis;2021
Georgia Koutrika;2023
Jun Yang 0001;2023
Tianyang Xu;2022
Zhao Lu;2022
Yuanyuan Zhu;2022
Tianyu Li 0001;2020
Matthew Butrovich;2020
Amadou Ngom;2020
Wan Shen Lim;2020
Wes McKinney;2020
Andrew Pavlo;2020
Robert Lasch;2022
Thomas Legler;2022
Norman May;2022
Bernhard Scheirle;2022
Kai-Uwe Sattler;2022
Serafeim Papadias;2022
Zoi Kaoudi;2022
Jorge-Arnulfo Quiané-Ruiz;2022
Volker Markl;2022
Stefan Manegold;2021
Dominik Durner;2023
Viktor Leis;2023
Thomas Neumann 0001;2023
Ishita Doshi;2021
Dhritiman Das;2021
Ashish Bhutani;2021
Rajeev Kumar;2021
Rushi Bhatt;2021
Niranjan Balasubramanian;2021
Weicheng Wang;2022
Raymond Chi-Wing Wong;2022
Ge Lv;2023
Lei Chen 0002;2023
Phanwadee Sinthong;2021
Dhaval Patel 0002;2021
Nianjun Zhou;2021
Shrey Shrivastava;2021
Arun Iyengar;2021
Anuradha Bhamidipaty;2021
Ritesh Sarkhel;2021
Arnab Nandi 0001;2021
Yinda Zhang 0002;2020
Jinyang Li;2020
Yutian Lei;2020
Tong Yang 0003;2020
Zhetao Li;2020
Gong Zhang;2020
Bin Cui 0001;2020
Xiang Li;2023
Fabing Li;2023
Mingyu Gao;2023
Kyle Deeds;2020
Brian Hentschel;2020
Stratos Idreos;2020
Cédric Renggli;2022
Xiaozhe Yao;2022
Luka Kolar;2022
Luka Rimanic;2022
Ana Klimovic;2022
Ce Zhang 0001;2022
Monica Chiosa;2022
Fabio Maschi;2022
Ingo Müller 0002;2022
Gustavo Alonso;2022
Norman May;2022
Jinfeng Li;2020
Yuliang Li 0001;2020
Xiaolan Wang 0001;2020
Wang-Chiew Tan;2020
Yuchen Peng;2023
Ke Chen 0005;2023
Lidan Shou;2023
Dawei Jiang;2023
Gang Chen 0001;2023
Abdelghny Orogat;2021
Isabelle Liu;2021
Ahmed El-Roby;2021
Panagiotis Liakos;2022
Katia Papakonstantinopoulou;2022
Yannis Kotidis;2022
Zhen Hua Liu;2020
Beda Christoph Hammerschmidt;2020
Douglas Mcmahon;2020
Hui J. Chang;2020
Ying Lu;2020
Joshua Spiegel;2020
Alfonso Colunga Sosa;2020
Srikrishnan Suresh;2020
Geeta Arora;2020
Vikas Arora;2020
Fatma Ozcan;2022
Juliana Freire;2022
Xuemin Lin 0001;2022
Ahmet Kerem Aksoy;2022
Pavel Dushev;2022
Eleni Tzirita Zacharatou;2022
Holmer Hemsen;2022
Marcela Charfuelan;2022
Jorge-Arnulfo Quiané-Ruiz;2022
Begüm Demir;2022
Volker Markl;2022
Ramon Antonio Rodriges Zalipynis;2021
Ester Livshits;2020
Alireza Heidari;2020
Ihab F. Ilyas;2020
Benny Kimelfeld;2020
Abdelghny Orogat;2021
Ahmed El-Roby;2021
Nan Tang 0001;2021
Ju Fan;2021
Fangyi Li;2021
Jianhong Tu;2021
Xiaoyong Du 0001;2021
Guoliang Li 0001;2021
Samuel Madden 0001;2021
Mourad Ouzzani;2021
Yahui Sun 0001;2021
Xiaokui Xiao;2021
Bin Cui 0001;2021
Saman K. Halgamuge;2021
Theodoros Lappas;2021
Jun Luo 0001;2021
Wissam Mammar Kouadri;2022
Salima Benbernou;2022
Mourad Ouziri;2022
Themis Palpanas;2022
Iheb Ben Amor;2022
Chengyang Luo;2023
Qing Liu 0008;2023
Yunjun Gao;2023
Lu Chen 0001;2023
Ziheng Wei;2023
Congcong Ge;2023
Xin Luna Dong;2023
Johes Bater;2020
Yongjoo Park;2020
Xi He 0001;2020
Xiao Wang 0012;2020
Jennie Rogers;2020
Moritz Sichert;2022
Thomas Neumann 0001;2022
Karima Echihabi;2022
Panagiota Fatourou;2022
Kostas Zoumpatianos;2022
Themis Palpanas;2022
Houda Benbrahim;2022
Edmon Begoli;2021
Tyler Akidau;2021
Slava Chernyak;2021
Fabian Hueske;2021
Kathryn Knight;2021
Kenneth L. Knowles;2021
Daniel Mills;2021
Dan Sotolongo;2021
Athinagoras Skiadopoulos;2021
Qian Li 0027;2021
Peter Kraft;2021
Kostis Kaffes;2021
Daniel Hong;2021
Shana Mathew;2021
David Bestor;2021
Michael J. Cafarella;2021
Vijay Gadepally;2021
Goetz Graefe;2021
Jeremy Kepner;2021
Christos Kozyrakis;2021
Tim Kraska;2021
Michael Stonebraker;2021
Lalith Suresh;2021
Matei Zaharia;2021
Konstantinos Lampropoulos 0002;2023
Fatemeh Zardbani;2023
Nikos Mamoulis;2023
Panagiotis Karras;2023
Prasun Gera;2020
Hyojong Kim;2020
Piyush Sao;2020
Hyesoon Kim;2020
David A. Bader;2020
Graham Cormode;2021
Samuel Maddock;2021
Carsten Maple;2021
Paul Ouellette;2021
Aidan Sciortino;2021
Fatemeh Nargesian;2021
Bahar Ghadiri Bashardoost;2021
Erkang Zhu;2021
Ken Q. Pu;2021
Renée J. Miller;2021
Zhijia Chen;2022
Weiyi Meng;2022
Eduard C. Dragut;2022
John Paparrizos;2022
Paul Boniol;2022
Themis Palpanas;2022
Ruey Tsay;2022
Aaron J. Elmore;2022
Michael J. Franklin;2022
Zhihui Yang;2022
Yicong Huang 0002;2022
Zuozhi Wang;2022
Feng Gao;2022
Yao Lu;2022
Chen Li 0001;2022
X. Sean Wang;2022
Zhiwei Chen;2021
Shaoxu Song;2021
Ziheng Wei;2021
Jingyun Fang;2021
Jiang Long;2021
Su Feng;2023
Boris Glavic;2023
Oliver Kennedy;2023
Ingo Müller 0002;2020
Ghislain Fourny;2020
Stefan Irimescu;2020
Can Berker Cikis;2020
Gustavo Alonso;2020
Chen Qian;2023
Shiwei Liang;2023
Zhaoyang Wang;2023
Yin Lou;2023
Zezhi Shao;2022
Zhao Zhang 0011;2022
Wei Wei 0002;2022
Fei Wang 0014;2022
Yongjun Xu;2022
Xin Cao 0001;2022
Christian S. Jensen;2022
Jiyang Bai;2021
Peixiang Zhao;2021
Yi Lu 0010;2021
Xiangyao Yu;2021
Lei Cao 0004;2021
Samuel Madden 0001;2021
Rong Zhu;2023
Wei Chen 0133;2023
Bolin Ding;2023
Xingguang Chen;2023
Andreas Pfadler;2023
Ziniu Wu;2023
Jingren Zhou;2023
Mashaal Musleh;2021
Sofiane Abbar;2021
Rade Stanojevic;2021
Mohamed F. Mokbel;2021
Albert van der Linde;2020
João Leitão 0001;2020
Nuno M. Preguiça;2020
Amine Mhedhbi;2022
Semih Salihoglu;2022
Immanuel Trummer;2022
Jiaxiang Liu;2021
Karl Knopf;2021
Yiqing Tan;2021
Bolin Ding;2021
Xi He 0001;2021
Francesca Falzon;2022
Evangelia Anna Markatou;2022
Zachary Espiritu;2022
Roberto Tamassia;2022
Siyuan Sheng;2021
Qun Huang 0001;2021
Sa Wang;2021
Yungang Bao;2021
Haoteng Yin;2022
Muhan Zhang;2022
Yanbang Wang;2022
Jianguo Wang 0001;2022
Pan Li 0005;2022
Georgia Koutrika;2022
Jun Yang 0001;2022
Rong Zhu;2021
Ziniu Wu;2021
Yuxing Han;2021
Kai Zeng;2021
Andreas Pfadler;2021
Zhengping Qian;2021
Jingren Zhou;2021
Bin Cui 0001;2021
Xiaoshuang Chen;2021
Kai Wang 0037;2021
Xuemin Lin 0001;2021
Wenjie Zhang 0001;2021
Lu Qin 0001;2021
Ying Zhang 0001;2021
Yiming Lin;2023
Yeye He;2023
Surajit Chaudhuri;2023
Husong Liu;2020
Shengliang Lu;2020
Xinyu Chen 0001;2020
Bingsheng He;2020
Shaleen Deep;2020
Anja Gruenheid;2020
Paraschos Koutris;2020
Jeffrey F. Naughton;2020
Stratis Viglas;2020
Ferdinand Kossmann;2023
Ziniu Wu;2023
Eugenie Lai;2023
Nesime Tatbul;2023
Lei Cao 0004;2023
Tim Kraska;2023
Sam Madden;2023
Christian Winter 0006;2022
Jana Giceva;2022
Thomas Neumann 0001;2022
Alfons Kemper;2022
Xu Chen 0023;2023
Haitian Chen;2023
Zibo Liang;2023
Shuncheng Liu 0001;2023
Jinghong Wang;2023
Kai Zeng 0002;2023
Han Su;2023
Kai Zheng 0001;2023
Dalong Zhang;2020
Xin Huang;2020
Ziqi Liu;2020
Jun Zhou 0011;2020
Zhiyang Hu;2020
Xianzheng Song;2020
Zhibang Ge;2020
Lin Wang;2020
Zhiqiang Zhang 0012;2020
Yuan Qi 0001;2020
Simon Aagaard Pedersen;2020
Bin Yang 0002;2020
Christian S. Jensen;2020
Komal Chauhan;2021
Kartik Jain;2021
Sayan Ranu;2021
Srikanta Bedathur;2021
Amitabha Bagchi;2021
Sudeepa Roy;2022
Jianqiu Xu;2020
Hua Lu 0001;2020
Zhifeng Bao;2020
Jiashu Zhang;2023
Wen Jiang;2023
Bo Tang 0016;2023
Haoxiang Ma;2023
Lixun Cao;2023
Zhongbin Jiang;2023
Yuanyuan Nie;2023
Fan Wang;2023
Lei Zhang;2023
Yuming Liang;2023
Kongzhang Hao;2021
Long Yuan;2021
Wenjie Zhang 0001;2021
Yannis E. Foufoulas;2022
Alkis Simitsis;2022
Eleftherios Stamatogiannakis;2022
Yannis E. Ioannidis;2022
Abhijit Suprem;2020
Joy Arulraj;2020
Calton Pu;2020
João Eduardo Ferreira;2020
Maximilian Bandle;2021
Jana Giceva;2021
Ziyun Wei;2021
Immanuel Trummer;2021
Connor Anderson 0002;2021
Shufeng Gong;2021
Chao Tian 0001;2021
Qiang Yin 0002;2021
Wenyuan Yu;2021
Yanfeng Zhang;2021
Liang Geng;2021
Song Yu;2021
Ge Yu 0001;2021
Jingren Zhou;2021
Jaeho Bang;2023
Gaurav Tarlok Kakkar;2023
Pramod Chunduri;2023
Subrata Mitra;2023
Joy Arulraj;2023
Xin Chen;2022
You Peng;2022
Sibo Wang 0001;2022
Jeffrey Xu Yu;2022
Yuyu Luo;2020
Wenbo Li;2020
Tianyu Zhao;2020
Xiang Yu;2020
Lixi Zhang;2020
Guoliang Li 0001;2020
Nan Tang 0001;2020
Tianyu Mu;2021
Hongzhi Wang 0001;2021
Shenghe Zheng;2021
Shaoqing Zhang;2021
Cheng Liang;2021
Haoyun Tang;2021
Rudi Poepsel Lemaitre;2021
Martin Kiefer;2021
Joscha Von Hein;2021
Jorge-Arnulfo Quiané-Ruiz;2021
Volker Markl;2021
Yifu Tang;2022
Jianxin Li 0001;2022
Nur Al Hasan Haldar;2022
Ziyu Guan;2022
Jia-Jie Xu 0001;2022
Chengfei Liu;2022
Mengzhao Wang;2021
Xiaoliang Xu;2021
Qiang Yue;2021
Yuxiang Wang 0001;2021
Chaoji Zuo;2023
Dong Deng 0001;2023
Eugenio Marinelli;2023
Yiqing Yan;2023
Virginie Magnone;2023
Charlotte Dumargne;2023
Pascal Barbry;2023
Thomas Heinis;2023
Raja Appuswamy;2023
Ruihong Huang;2020
Shaoxu Song;2020
Yunsu Lee;2020
Jungho Park;2020
Soo-Hyung Kim;2020
Sungmin Yi;2020
Zihao Zhang;2022
Huiqi Hu;2022
Xuan Zhou 0001;2022
Jiang Wang;2022
Dennis Butterstein;2020
Daniel Martin;2020
Knut Stolze;2020
Felix Beier;2020
Jia Zhong;2020
Lingyun Wang;2020
Jingyuan Zhang;2023
Ao Wang;2023
Xiaolong Ma;2023
Benjamin Carver;2023
Nicholas John Newman;2023
Ali Anwar 0001;2023
Lukas Rupprecht;2023
Vasily Tarasov;2023
Dimitrios Skourtis;2023
Feng Yan 0001;2023
Yue Cheng 0001;2023
El Kindi Rezig;2021
Anshul Bhandari;2021
Anna Fariha;2021
Benjamin Price;2021
Allan Vanterpool;2021
Vijay Gadepally;2021
Michael Stonebraker;2021
Eduardo H. M. Pena;2021
Eduardo Cunha de Almeida;2021
Felix Naumann;2021
Brit Youngmann;2022
Sihem Amer-Yahia;2022
Aurélien Personnaz;2022
Yoshinori Matsunobu;2020
Siying Dong;2020
Herman Lee;2020
Dimitris Palyvos-Giannas;2020
Bastian Havers;2020
Marina Papatriantafilou;2020
Vincenzo Gulisano;2020
Xiaonan Nie;2023
Yi Liu;2023
Fangcheng Fu;2023
Jinbao Xue;2023
Dian Jiao;2023
Xupeng Miao;2023
Yangyu Tao;2023
Bin Cui 0001;2023
Lingxiao Li;2020
Muhammad Aamir Cheema;2020
Mohammed Eunus Ali;2020
Hua Lu 0001;2020
David Taniar;2020
Mohamed Y. Eltabakh;2021
Anantha Subramanian;2021
Awny Al-Omari;2021
Mohammed Al-Kateb;2021
Sanjay Nair;2021
Mahbub Hasan;2021
Wellington Cabrera;2021
Charles Zhang;2021
Amit Kishore;2021
Snigdha Prasad;2021
Viktor Leis;2021
Maximilian Kuschewski;2021
Zezhou Huang;2023
Rathijit Sen;2023
Jiaxiang Liu;2023
Eugene Wu 0002;2023
David Campos 0002;2021
Tung Kieu;2021
Chenjuan Guo;2021
Feiteng Huang;2021
Kai Zheng 0001;2021
Bin Yang 0002;2021
Christian S. Jensen;2021
Yasuhiro Fujiwara;2021
Sekitoshi Kanai;2021
Yasutoshi Ida;2021
Atsutoshi Kumagai;2021
Naonori Ueda;2021
Jiacheng Yang;2020
Ian Rae;2020
Jun Xu;2020
Jeff Shute;2020
Zhan Yuan;2020
Kelvin Lau;2020
Qiang Zeng;2020
Xi Zhao;2020
Jun Ma;2020
Ziyang Chen;2020
Yuan Gao;2020
Qilin Dong;2020
Junxiong Zhou;2020
Jeremy Wood;2020
Goetz Graefe;2020
Jeffrey F. Naughton;2020
John Cieslewicz;2020
Liang Zhao;2020
Qingcan Li;2020
Pei Wang;2020
Jiannan Wang;2020
Eugene Wu 0002;2020
Han Fu;2023
Chang Liu;2023
Bin Wu 0003;2023
Feifei Li 0001;2023
Jian Tan;2023
Jianling Sun;2023
Magdalena Balazinska;2020
Xiaofang Zhou 0001;2020
Hiroyuki Yamada;2022
Jun Nemoto;2022
Haralampos Gavriilidis;2023
Leonhard Rose;2023
Joel Ziegler;2023
Kaustubh Beedkar;2023
Jorge-Arnulfo Quiané-Ruiz;2023
Volker Markl;2023
James Thorne;2021
Majid Yazdani;2021
Marzieh Saeidi;2021
Fabrizio Silvestri;2021
Sebastian Riedel 0001;2021
Alon Y. Levy;2021
Xin Sun;2022
Xin Huang 0001;2022
Di Jin 0001;2022
Walter Cai;2021
Philip A. Bernstein;2021
Wentao Wu 0001;2021
Badrish Chandramouli;2021
Mahdi Ghorbani;2023
Amir Shaikhha;2023
Yifan Wang;2022
Haodi Ma;2022
Daisy Zhe Wang;2022
Qizhen Zhang 0001;2020
Yifan Cai;2020
Xinyi Chen;2020
Sebastian Angel;2020
Ang Chen 0001;2020
Vincent Liu 0001;2020
Boon Thau Loo;2020
Shengliang Lu;2020
Bingsheng He;2020
Yuchen Li 0001;2020
Hao Fu;2020
Yuncheng Wu;2023
Naili Xing;2023
Gang Chen 0001;2023
Tien Tuan Anh Dinh;2023
Zhaojing Luo;2023
Beng Chin Ooi;2023
Xiaokui Xiao;2023
Meihui Zhang 0001;2023
Phanwadee Sinthong;2021
Michael J. Carey 0001;2021
Teddy Lazebnik;2022
Amit Somech;2022
Abraham Itzhak Weinberg;2022
Tianhao Wang 0001;2020
Min Xu;2020
Bolin Ding;2020
Jingren Zhou;2020
Cheng Hong;2020
Zhicong Huang;2020
Ninghui Li;2020
Somesh Jha;2020
Kevin Wellenzohn;2020
Michael H. Böhlen;2020
Sven Helmer;2020
Jonathan Goldstein;2020
Ahmed S. Abdelhamid;2020
Mike Barnett 0001;2020
Sebastian Burckhardt;2020
Badrish Chandramouli;2020
Darren Gehring;2020
Niel Lebeck;2020
Christopher Meiklejohn;2020
Umar Farooq Minhas;2020
Ryan Newton;2020
Rahee Peshawaria;2020
Tal Zaccai;2020
Irene Zhang;2020
Georgia Koutrika;2023
Jun Yang 0001;2023
Ramon Antonio Rodriges Zalipynis;2022
Manasi Vartak;2021
Jian Gao;2023
Xin Cao 0001;2023
Xin Yao;2023
Gong Zhang;2023
Wei Wang 0030;2023
Philipp Marian Grulich;2021
Steffen Zeuch;2021
Volker Markl;2021
Ashraf Aboulnaga;2021
Mengbai Xiao;2021
An Qin 0001;2021
Yongwei Wu;2021
Xinjie Huang;2021
Xiaodong Zhang 0001;2021
Yingli Zhou;2023
Yixiang Fang;2023
Wensheng Luo;2023
Yunming Ye;2023
Daniel Deutch;2022
Amir Gilad;2022
Tova Milo;2022
Amit Mualem;2022
Amit Somech;2022
Yunyoung Choi;2023
Kunsoo Park;2023
Hyunjoon Kim;2023
Sainyam Galhotra;2022
Udayan Khurana;2022
Luan V. Tran;2020
Minyoung Mun;2020
Cyrus Shahabi;2020
John Paparrizos;2023
Kaize Wu;2023
Aaron J. Elmore;2023
Christos Faloutsos;2023
Michael J. Franklin;2023
Sebastian Burckhardt;2022
Badrish Chandramouli;2022
Chris Gillum;2022
David Justo;2022
Konstantinos Kallas;2022
Connor McMahon;2022
Christopher Meiklejohn;2022
Xiangfeng Zhu;2022
Rolando Garcia;2020
Eric Liu;2020
Vikram Sreekanti;2020
Bobby Yan;2020
Anusha Dandamudi;2020
Joseph Gonzalez 0001;2020
Joseph M. Hellerstein;2020
Koushik Sen;2020
Vincent Jacob;2021
Fei Song;2021
Arnaud Stiegler;2021
Bijan Rad;2021
Yanlei Diao;2021
Nesime Tatbul;2021
Ruiyuan Li;2023
Zheng Li;2023
Yi Wu;2023
Chao Chen;2023
Yu Zheng;2023
Takayuki Tanabe;2020
Takashi Hoshino 0002;2020
Hideyuki Kawashima;2020
Osamu Tatebe;2020
Ioannis K. Koumarelas;2020
Thorsten Papenbrock;2020
Felix Naumann;2020
Xuhao Chen 0001;2020
Roshan Dathathri;2020
Gurbinder Gill;2020
Keshav Pingali;2020
Jayashree Mohan;2021
Amar Phanishayee;2021
Ashish Raniwala;2021
Vijay Chidambaram;2021
Philipp Fent;2021
Thomas Neumann 0001;2021
Floris Geerts;2021
Xuan Luo;2022
Jian Pei;2022
Zicun Cong;2022
Cheng Xu 0004;2022
Christian Winter 0006;2020
Tobias Schmidt;2020
Thomas Neumann 0001;2020
Alfons Kemper;2020
Karima Echihabi;2021
Themis Palpanas;2021
Kostas Zoumpatianos;2021
Yong Wang;2022
Guoliang Li 0001;2022
Kaiyu Li;2022
Haitao Yuan 0002;2022
Geon Heo;2020
Yuji Roh;2020
Seonghyeon Hwang;2020
Dayun Lee;2020
Steven Whang 0001;2020
Yixiang Fang;2022
Wensheng Luo;2022
Chenhao Ma 0001;2022
Siyuan Xia;2022
Zhiru Zhu;2022
Chris Zhu;2022
Jinjin Zhao;2022
Kyle Chard;2022
Aaron J. Elmore;2022
Ian T. Foster;2022
Michael J. Franklin;2022
Sanjay Krishnan;2022
Raul Castro Fernandez;2022
Sajjad Rahnama;2020
Suyash Gupta;2020
Thamir Qadah;2020
Jelle Hellings;2020
Mohammad Sadoghi;2020
Zuozhi Wang;2023
Chen Li 0001;2023
Jees Augustine;2020
Suraj Shetiya;2020
Abolfazl Asudeh;2020
Saravanan Thirumuruganathan;2020
Azade Nazi;2020
Nan Zhang 0004;2020
Gautam Das 0001;2020
Divesh Srivastava;2020
Tobias Schmidt;2021
Maximilian Bandle;2021
Jana Giceva;2021
Ioana Manolescu;2023
Madhulika Mohanty;2023
Andy Huynh;2022
Harshal A. Chaudhari;2022
Evimaria Terzi;2022
Manos Athanassoulis;2022
Xibo Sun;2022
Shixuan Sun;2022
Qiong Luo 0001;2022
Bingsheng He;2022
Rentong Guo;2022
Xiaofan Luan;2022
Long Xiang;2022
Xiao Yan 0002;2022
Xiaomeng Yi;2022
Jigao Luo;2022
Qianya Cheng;2022
Weizhi Xu 0003;2022
Jiarui Luo;2022
Frank Liu 0007;2022
Zhenshan Cao;2022
Yanliang Qiao;2022
Ting Wang;2022
Bo Tang 0016;2022
Charles Xie;2022
Enrique Saurez;2020
Bharath Balasubramanian;2020
Richard D. Schlichting;2020
Brendan Tschaen;2020
Shankaranarayanan Puzhavakath Narayanan;2020
Zhe Huang 0001;2020
Umakishore Ramachandran;2020
Zhuoyue Zhao;2022
Dong Xie 0001;2022
Feifei Li 0001;2022
Yuhao Zhang;2021
Frank Mcquillan;2021
Nandish Jayaram;2021
Nikhil Kak;2021
Ekta Khanna;2021
Orhan Kislal;2021
Domino Valdano;2021
Arun Kumar 0001;2021
Suyash Gupta;2020
Sajjad Rahnama;2020
Jelle Hellings;2020
Mohammad Sadoghi;2020
Jianhong Tu;2022
Xiaoyue Han;2022
Ju Fan;2022
Nan Tang 0001;2022
Chengliang Chai;2022
Guoliang Li 0001;2022
Xiaoyong Du 0001;2022
Ran Rui;2020
Hao Li 0071;2020
Yi-Cheng Tu;2020
Shubhangi Agarwal 0001;2020
Sourav Dutta 0001;2020
Arnab Bhattacharya 0001;2020
Alexander Zhou;2021
Yue Wang 0012;2021
Lei Chen 0002;2021
Muhammad Adnan;2021
Yassaman Ebrahimzadeh Maboud;2021
Divya Mahajan 0001;2021
Prashant J. Nair;2021
Renchi Yang;2020
Jieming Shi;2020
Xiaokui Xiao;2020
Yin Yang 0001;2020
Sourav S. Bhowmick;2020
Andrea Rossi 0002;2022
Donatella Firmani;2022
Paolo Merialdo;2022
Tommaso Teofili;2022
George Konstantinidis 0001;2021
Jet Holt;2021
Adriane Chapman;2021
Teng Zhang;2022
Jian Tan;2022
Xin Cai;2022
Jianying Wang;2022
Feifei Li 0001;2022
Jianling Sun;2022
Mohit Saxena;2023
Benjamin Sowell;2023
Daiyan Alamgir;2023
Nitin Bahadur;2023
Bijay Bisht;2023
Santosh Chandrachood;2023
Chitti Keswani;2023
G2 Krishnamoorthy;2023
Austin Lee;2023
Bohou Li;2023
Zach Mitchell;2023
Vaibhav Porwal;2023
Maheedhar Reddy Chappidi;2023
Brian Ross;2023
Noritaka Sekiyama;2023
Omer Zaki;2023
Linchi Zhang;2023
Mehul A. Shah;2023
Ryan Marcus;2020
Andreas Kipf;2020
Alexander van Renen;2020
Mihail Stoian;2020
Sanchit Misra;2020
Alfons Kemper;2020
Thomas Neumann 0001;2020
Tim Kraska;2020
Aarati Kakaraparthy;2022
Jignesh M. Patel;2022
Brian Kroth;2022
Kwanghyun Park 0001;2022
Suraj Shetiya;2020
Saravanan Thirumuruganathan;2020
Nick Koudas;2020
Gautam Das 0001;2020
Philipp Fent;2023
Guido Moerkotte;2023
Thomas Neumann 0001;2023
C. Mohan 0001;2022
Xun Jian 0001;2020
Yue Wang 0012;2020
Lei Chen 0002;2020
Junwen Yang;2021
Yeye He;2021
Surajit Chaudhuri;2021
Georgia Koutrika;2023
Jun Yang 0001;2023
Hongkuan Zhou;2022
Da Zheng;2022
Israt Nisa;2022
Vassilis N. Ioannidis;2022
Xiang Song;2022
George Karypis;2022
Peter Bailis;2020
Magda Balazinska;2020
Xin Luna Dong;2020
Juliana Freire;2020
Raghu Ramakrishnan;2020
Michael Stonebraker;2020
Joseph M. Hellerstein;2020
Piyush Yadav;2021
Dhaval Salwala;2021
Felipe Arruda Pontes;2021
Praneet Dhingra;2021
Edward Curry;2021
Jinyang Li;2023
Alon Silberstein;2023
Yuval Moskovitch;2023
Julia Stoyanovich;2023
H. V. Jagadish;2023
Wentao Zhang;2021
Zhi Yang 0001;2021
Yexin Wang;2021
Yu Shen;2021
Yang Li 0106;2021
Liang Wang;2021
Bin Cui 0001;2021
Shaoduo Gan;2021
Xiangru Lian;2021
Rui Wang;2021
Jianbin Chang;2021
Chengjun Liu;2021
Hongmei Shi;2021
Shengzhuo Zhang;2021
Xianghong Li;2021
Tengxu Sun;2021
Jiawei Jiang;2021
Binhang Yuan;2021
Sen Yang 0004;2021
Ji Liu 0002;2021
Ce Zhang 0001;2021
Robin Rehrmann;2020
Carsten Binnig;2020
Alexander Böhm 0002;2020
Kihong Kim;2020
Wolfgang Lehner;2020
Jiayi Wang 0002;2021
Chengliang Chai;2021
Jiabin Liu;2021
Guoliang Li 0001;2021
Alvin Cheung;2023
Maaz Bin Safeer Ahmad;2023
Brandon Haynes;2023
Chanwut Kittivorawong;2023
Shadaj Laddad;2023
Xiaoxuan Liu;2023
Chenglong Wang;2023
Cong Yan;2023
Uwe Röhm;2020
Lexi Brent;2020
Tim Dawborn;2020
Bryn Jeffries;2020
David Pujol;2022
Albert Sun;2022
Brandon Fain;2022
Ashwin Machanavajjhala;2022
Moin Hussain Moti;2022
Panagiotis Simatis;2022
Dimitris Papadias;2022
Haoteng Yin;2023
Muhan Zhang;2023
Jianguo Wang 0001;2023
Pan Li 0005;2023
Yuyu Luo;2020
Chengliang Chai;2020
Xuedi Qin;2020
Nan Tang 0001;2020
Guoliang Li 0001;2020
Ippokratis Pandis;2021
Bo-Hyun Lee;2023
Mijin An;2023
Sang-Won Lee 0001;2023
Zhicheng Pan;2023
Yihang Wang;2023
Yingying Zhang;2023
Sean Bin Yang;2023
Yunyao Cheng 0001;2023
Peng Chen;2023
Chenjuan Guo;2023
Qingsong Wen;2023
Xiduo Tian;2023
Yunliang Dou;2023
Zhiqiang Zhou;2023
Chengcheng Yang;2023
Aoying Zhou;2023
Bin Yang 0002;2023
Pavan Edara;2021
Mosha Pasumansky;2021
Youmin Chen;2020
Youyou Lu;2020
Kedong Fang;2020
Qing Wang 0031;2020
Jiwu Shu;2020
Yin Lin;2022
Brit Youngmann;2022
Yuval Moskovitch;2022
H. V. Jagadish;2022
Tova Milo;2022
Pedro Pedreira;2022
Orri Erling;2022
Maria Basmanova;2022
Kevin Wilfong;2022
Laith S. Sakka;2022
Krishna Pai;2022
Wei He;2022
Biswapesh Chattopadhyay;2022
Kajetan Jeremi Maliszewski;2021
Jorge-Arnulfo Quiané-Ruiz;2021
Jonas Traub;2021
Volker Markl;2021
Wentao Ning;2020
Qiandong Tang;2020
Yi Zhao;2020
Chuan Yang;2020
Xiaofeng Wang;2020
Teng Wang;2020
Haotian Liu;2020
Chaozu Zhang;2020
Zhiyuan Zhou;2020
Qiaomu Shen;2020
Bo Tang 0016;2020
Wei Tian;2023
Jieming Shi;2023
Siqiang Luo;2023
Hui Li 0057;2023
Xike Xie;2023
Yuanhang Zou;2023
Dimitris Palyvos-Giannas;2022
Katerina Tzompanaki;2022
Marina Papatriantafilou;2022
Vincenzo Gulisano;2022
Dimitrije Jankov;2021
Binhang Yuan;2021
Shangyu Luo;2021
Chris Jermaine;2021
Joseph Howie;2023
Venkatesh Srinivasan 0001;2023
Alex Thomo;2023
Simon Razniewski;2021
Hiba Arnaout;2021
Shrestha Ghosh;2021
Fabian M. Suchanek;2021
Kejing Lu;2022
Yoshiharu Ishikawa;2022
Chuan Xiao 0001;2022
Gyuyeong Kim;2022
Wonjun Lee 0001;2022
Andrey Mishchenko;2022
Dominique Danco;2022
Abhilash Jindal;2022
Adrian Blue;2022
Nikolaos Tziavelis;2020
Deepak Ajwani;2020
Wolfgang Gatterbauer;2020
Mirek Riedewald;2020
Xiaofeng Yang;2020
Zhuo Ma;2023
Yilong Yang 0004;2023
Bin Xiao;2023
Yang Liu;2023
Xinjing Liu;2023
Zhuoran Ma;2023
Tong Yang 0003;2023
Dong He 0002;2022
Supun Chathuranga Nakandala;2022
Dalitso Banda;2022
Rathijit Sen;2022
Karla Saur;2022
Kwanghyun Park 0001;2022
Carlo Curino;2022
Jesús Camacho-Rodríguez;2022
Konstantinos Karanasos;2022
Matteo Interlandi;2022
Xuanle Ren;2022
Le Su;2022
Zhen Gu;2022
Sheng Wang 0011;2022
Feifei Li 0001;2022
Yuan Xie 0001;2022
Song Bian 0001;2022
Chao Li;2022
Fan Zhang;2022
Kevin P. Gaffney;2021
Robert K. Claus;2021
Jignesh M. Patel;2021
Leonidas Fegaras;2020
Md Hasanuzzaman Noor;2020
Shreya Shankar;2022
Aditya G. Parameswaran;2022
Yushi Liu;2023
Liwei Yuan;2023
Zhihao Chen 0003;2023
Yekai Yu;2023
Zhao Zhang 0002;2023
Cheqing Jin;2023
Ying Yan 0002;2023
Magdalena Balazinska;2020
Xiaofang Zhou 0001;2020
Xuchen Pan;2022
Yongxin Tong;2022
Chunbo Xue;2022
Zimu Zhou;2022
Junping Du;2022
Yuxiang Zeng;2022
Yexuan Shi;2022
Xiaofei Zhang 0002;2022
Lei Chen 0002;2022
Yi Xu;2022
Ke Xu 0001;2022
Weifeng Lv;2022
Hongbo Kang;2022
Yiwei Zhao;2022
Guy E. Blelloch;2022
Laxman Dhulipala;2022
Yan Gu 0001;2022
Charles McGuffey;2022
Phillip B. Gibbons;2022
Ralf Diestelkämper;2021
Seokki Lee;2021
Boris Glavic;2021
Melanie Herschel;2021
André Kohn 0001;2022
Dominik Moritz;2022
Mark Raasveldt;2022
Hannes Mühleisen;2022
Thomas Neumann 0001;2022
Wentao Huang;2023
Yunhong Ji;2023
Xuan Zhou 0001;2023
Bingsheng He;2023
Kian-Lee Tan;2023
Andreas Kipf;2020
Damian Chromejko;2020
Alexander Hall;2020
Peter A. Boncz;2020
David G. Andersen;2020
Konstantinos Kanellis;2022
Cong Ding 0002;2022
Brian Kroth;2022
Andreas Müller 0024;2022
Carlo Curino;2022
Shivaram Venkataraman;2022
Tianxun Hu;2022
Tianzheng Wang 0001;2022
Qingqing Zhou;2022
Miti Mazmudar;2022
Thomas Humphries;2022
Jiaxiang Liu;2022
Matthew Rafuse;2022
Xi He 0001;2022
Devin Petersohn;2020
William W. Ma;2020
Doris Jung Lin Lee;2020
Stephen Macke;2020
Doris Xin;2020
Xiangxi Mo;2020
Joseph Gonzalez 0001;2020
Joseph M. Hellerstein;2020
Anthony D. Joseph;2020
Aditya G. Parameswaran;2020
Pingchuan Ma 0004;2021
Shuai Wang 0011;2021
Yue Zhao 0016;2022
George H. Chen;2022
Zhihao Jia;2022
Fangcheng Fu;2022
Xupeng Miao;2022
Jiawei Jiang;2022
Huanran Xue;2022
Bin Cui 0001;2022
Gunduz Vehbi Demirci;2022
Aparajita Haldar;2022
Hakan Ferhatosmanoglu;2022
Chenyuan Wu;2023
Bhavana Mehta;2023
Mohammad Javad Amiri;2023
Ryan Marcus;2023
Boon Thau Loo;2023
Abolfazl Asudeh;2020
H. V. Jagadish;2020
You Wu 0001;2020
Cong Yu 0001;2020